<?xml version="1.0" encoding="UTF-8"?>
<document type="com.apple.InterfaceBuilder3.CocoaTouch.Storyboard.XIB" version="3.0" toolsVersion="14460.31" targetRuntime="iOS.CocoaTouch" propertyAccessControl="none" useAutolayout="YES" useTraitCollections="YES" useSafeAreas="YES" colorMatched="YES" initialViewController="yEA-he-cKr">
    <device id="retina4_7" orientation="portrait">
        <adaptation id="fullscreen"/>
    </device>
    <dependencies>
        <deployment identifier="iOS"/>
        <plugIn identifier="com.apple.InterfaceBuilder.IBCocoaTouchPlugin" version="14460.20"/>
        <capability name="Safe area layout guides" minToolsVersion="9.0"/>
        <capability name="documents saved in the Xcode 8 format" minToolsVersion="8.0"/>
    </dependencies>
    <scenes>
        <!--Exames-->
        <scene sceneID="6lf-oL-uFB">
            <objects>
                <tableViewController id="cOq-ss-uPg" customClass="MealTableViewController" sceneMemberID="viewController">
                    <tableView key="view" clipsSubviews="YES" contentMode="scaleToFill" alwaysBounceVertical="YES" dataMode="prototypes" style="plain" separatorStyle="default" rowHeight="150" estimatedRowHeight="-1" sectionHeaderHeight="28" sectionFooterHeight="28" id="l2G-lO-TdA">
                        <rect key="frame" x="0.0" y="0.0" width="375" height="667"/>
                        <autoresizingMask key="autoresizingMask" widthSizable="YES" heightSizable="YES"/>
                        <color key="backgroundColor" white="1" alpha="1" colorSpace="custom" customColorSpace="genericGamma22GrayColorSpace"/>
                        <prototypes>
                            <tableViewCell clipsSubviews="YES" contentMode="scaleToFill" preservesSuperviewLayoutMargins="YES" selectionStyle="default" indentationWidth="10" rowHeight="150" id="iVr-8C-AZg" customClass="UCTableViewCell" customModule="ExamesISEC" customModuleProvider="target">
                                <rect key="frame" x="0.0" y="28" width="375" height="150"/>
                                <autoresizingMask key="autoresizingMask"/>
                                <tableViewCellContentView key="contentView" opaque="NO" clipsSubviews="YES" multipleTouchEnabled="YES" contentMode="center" preservesSuperviewLayoutMargins="YES" insetsLayoutMarginsFromSafeArea="NO" tableViewCell="iVr-8C-AZg" id="UDX-yJ-D8Y">
                                    <rect key="frame" x="0.0" y="0.0" width="375" height="149.5"/>
                                    <autoresizingMask key="autoresizingMask"/>
                                    <subviews>
                                        <label opaque="NO" userInteractionEnabled="NO" contentMode="left" horizontalHuggingPriority="251" verticalHuggingPriority="251" fixedFrame="YES" text="Label" textAlignment="natural" lineBreakMode="tailTruncation" baselineAdjustment="alignBaselines" adjustsFontSizeToFit="NO" translatesAutoresizingMaskIntoConstraints="NO" id="Hol-YU-zrs">
                                            <rect key="frame" x="16" y="11" width="343" height="21"/>
                                            <autoresizingMask key="autoresizingMask" flexibleMaxX="YES" flexibleMaxY="YES"/>
                                            <fontDescription key="fontDescription" type="system" pointSize="17"/>
                                            <nil key="textColor"/>
                                            <nil key="highlightedColor"/>
                                        </label>
                                        <label opaque="NO" userInteractionEnabled="NO" contentMode="left" horizontalHuggingPriority="251" verticalHuggingPriority="251" fixedFrame="YES" text="Ano" textAlignment="natural" lineBreakMode="tailTruncation" baselineAdjustment="alignBaselines" adjustsFontSizeToFit="NO" translatesAutoresizingMaskIntoConstraints="NO" id="cs6-Fb-q7z">
                                            <rect key="frame" x="16" y="40" width="56" height="21"/>
                                            <autoresizingMask key="autoresizingMask" flexibleMaxX="YES" flexibleMaxY="YES"/>
                                            <fontDescription key="fontDescription" type="system" pointSize="17"/>
                                            <nil key="textColor"/>
                                            <nil key="highlightedColor"/>
                                        </label>
                                        <label opaque="NO" userInteractionEnabled="NO" contentMode="left" horizontalHuggingPriority="251" verticalHuggingPriority="251" fixedFrame="YES" text="Normal" textAlignment="natural" lineBreakMode="tailTruncation" baselineAdjustment="alignBaselines" adjustsFontSizeToFit="NO" translatesAutoresizingMaskIntoConstraints="NO" id="WTi-GA-weH">
                                            <rect key="frame" x="16" y="69" width="56" height="21"/>
                                            <autoresizingMask key="autoresizingMask" flexibleMaxX="YES" flexibleMaxY="YES"/>
                                            <fontDescription key="fontDescription" type="system" pointSize="17"/>
                                            <nil key="textColor"/>
                                            <nil key="highlightedColor"/>
                                        </label>
                                        <label opaque="NO" userInteractionEnabled="NO" contentMode="left" horizontalHuggingPriority="251" verticalHuggingPriority="251" fixedFrame="YES" text="Recurso" textAlignment="natural" lineBreakMode="tailTruncation" baselineAdjustment="alignBaselines" adjustsFontSizeToFit="NO" translatesAutoresizingMaskIntoConstraints="NO" id="ygt-UI-6BH">
                                            <rect key="frame" x="16" y="95" width="63" height="21"/>
                                            <autoresizingMask key="autoresizingMask" flexibleMaxX="YES" flexibleMaxY="YES"/>
                                            <fontDescription key="fontDescription" type="system" pointSize="17"/>
                                            <nil key="textColor"/>
                                            <nil key="highlightedColor"/>
                                        </label>
                                        <label opaque="NO" userInteractionEnabled="NO" contentMode="left" horizontalHuggingPriority="251" verticalHuggingPriority="251" fixedFrame="YES" text="Especial" textAlignment="natural" lineBreakMode="tailTruncation" baselineAdjustment="alignBaselines" adjustsFontSizeToFit="NO" translatesAutoresizingMaskIntoConstraints="NO" id="UDF-Zp-3qE">
                                            <rect key="frame" x="16" y="118" width="64" height="21"/>
                                            <autoresizingMask key="autoresizingMask" flexibleMaxX="YES" flexibleMaxY="YES"/>
                                            <fontDescription key="fontDescription" type="system" pointSize="17"/>
                                            <nil key="textColor"/>
                                            <nil key="highlightedColor"/>
                                        </label>
                                        <label opaque="NO" userInteractionEnabled="NO" contentMode="left" horizontalHuggingPriority="251" verticalHuggingPriority="251" fixedFrame="YES" text="Label" textAlignment="natural" lineBreakMode="tailTruncation" baselineAdjustment="alignBaselines" adjustsFontSizeToFit="NO" translatesAutoresizingMaskIntoConstraints="NO" id="3AP-YA-3dc">
                                            <rect key="frame" x="87" y="69" width="272" height="21"/>
                                            <autoresizingMask key="autoresizingMask" flexibleMaxX="YES" flexibleMaxY="YES"/>
                                            <fontDescription key="fontDescription" type="system" pointSize="17"/>
                                            <nil key="textColor"/>
                                            <nil key="highlightedColor"/>
                                        </label>
                                        <label opaque="NO" userInteractionEnabled="NO" contentMode="left" horizontalHuggingPriority="251" verticalHuggingPriority="251" fixedFrame="YES" text="Label" textAlignment="natural" lineBreakMode="tailTruncation" baselineAdjustment="alignBaselines" adjustsFontSizeToFit="NO" translatesAutoresizingMaskIntoConstraints="NO" id="In9-xi-GbT">
                                            <rect key="frame" x="87" y="94" width="272" height="21"/>
                                            <autoresizingMask key="autoresizingMask" flexibleMaxX="YES" flexibleMaxY="YES"/>
                                            <fontDescription key="fontDescription" type="system" pointSize="17"/>
                                            <nil key="textColor"/>
                                            <nil key="highlightedColor"/>
                                        </label>
                                        <label opaque="NO" userInteractionEnabled="NO" contentMode="left" horizontalHuggingPriority="251" verticalHuggingPriority="251" fixedFrame="YES" text="Label" textAlignment="natural" lineBreakMode="tailTruncation" baselineAdjustment="alignBaselines" adjustsFontSizeToFit="NO" translatesAutoresizingMaskIntoConstraints="NO" id="K7R-sj-2tt">
                                            <rect key="frame" x="87" y="118" width="272" height="21"/>
                                            <autoresizingMask key="autoresizingMask" flexibleMaxX="YES" flexibleMaxY="YES"/>
                                            <fontDescription key="fontDescription" type="system" pointSize="17"/>
                                            <nil key="textColor"/>
                                            <nil key="highlightedColor"/>
                                        </label>
                                        <label opaque="NO" userInteractionEnabled="NO" contentMode="left" horizontalHuggingPriority="251" verticalHuggingPriority="251" fixedFrame="YES" text="Label" textAlignment="natural" lineBreakMode="tailTruncation" baselineAdjustment="alignBaselines" adjustsFontSizeToFit="NO" translatesAutoresizingMaskIntoConstraints="NO" id="cGC-MZ-lP6">
                                            <rect key="frame" x="60" y="40" width="42" height="21"/>
                                            <autoresizingMask key="autoresizingMask" flexibleMaxX="YES" flexibleMaxY="YES"/>
                                            <fontDescription key="fontDescription" type="system" pointSize="17"/>
                                            <nil key="textColor"/>
                                            <nil key="highlightedColor"/>
                                        </label>
                                        <label opaque="NO" userInteractionEnabled="NO" contentMode="left" horizontalHuggingPriority="251" verticalHuggingPriority="251" fixedFrame="YES" text="Semestre" textAlignment="natural" lineBreakMode="tailTruncation" baselineAdjustment="alignBaselines" adjustsFontSizeToFit="NO" translatesAutoresizingMaskIntoConstraints="NO" id="ZzI-bX-4db">
                                            <rect key="frame" x="120" y="40" width="73" height="21"/>
                                            <autoresizingMask key="autoresizingMask" flexibleMaxX="YES" flexibleMaxY="YES"/>
                                            <fontDescription key="fontDescription" type="system" pointSize="17"/>
                                            <nil key="textColor"/>
                                            <nil key="highlightedColor"/>
                                        </label>
                                        <label opaque="NO" userInteractionEnabled="NO" contentMode="left" horizontalHuggingPriority="251" verticalHuggingPriority="251" fixedFrame="YES" text="Label" textAlignment="natural" lineBreakMode="tailTruncation" baselineAdjustment="alignBaselines" adjustsFontSizeToFit="NO" translatesAutoresizingMaskIntoConstraints="NO" id="pVP-Jy-ROy">
                                            <rect key="frame" x="209" y="40" width="42" height="21"/>
                                            <autoresizingMask key="autoresizingMask" flexibleMaxX="YES" flexibleMaxY="YES"/>
                                            <fontDescription key="fontDescription" type="system" pointSize="17"/>
                                            <nil key="textColor"/>
                                            <nil key="highlightedColor"/>
                                        </label>
                                    </subviews>
                                </tableViewCellContentView>
                                <connections>
                                    <outlet property="anoLabel" destination="cGC-MZ-lP6" id="6oK-no-dfO"/>
                                    <outlet property="anoSemestreLabel" destination="cs6-Fb-q7z" id="cxJ-Mh-1Ck"/>
                                    <outlet property="especialLabel" destination="K7R-sj-2tt" id="YnO-SD-Hcd"/>
                                    <outlet property="normalLabel" destination="3AP-YA-3dc" id="suP-KM-4vu"/>
                                    <outlet property="recursoLabel" destination="In9-xi-GbT" id="8Wc-1a-6jP"/>
                                    <outlet property="semestreLabel" destination="pVP-Jy-ROy" id="6Ag-kf-dLn"/>
                                    <outlet property="ucNameLabel" destination="Hol-YU-zrs" id="icB-at-ady"/>
                                    <segue destination="BYZ-38-t0r" kind="show" identifier="ShowDetail" id="4sH-3L-1G7"/>
                                </connections>
                            </tableViewCell>
                        </prototypes>
                        <connections>
                            <outlet property="dataSource" destination="cOq-ss-uPg" id="5fG-Lh-zOE"/>
                            <outlet property="delegate" destination="cOq-ss-uPg" id="W4C-XH-HeA"/>
                        </connections>
                    </tableView>
                    <navigationItem key="navigationItem" title="Exames" id="Ndk-BF-sNV">
                        <barButtonItem key="rightBarButtonItem" systemItem="add" id="VjJ-6u-9Pg">
                            <connections>
                                <segue destination="pQm-QH-gt2" kind="presentation" identifier="AddItem" id="MFp-T3-Ozm"/>
                            </connections>
                        </barButtonItem>
                    </navigationItem>
                </tableViewController>
                <placeholder placeholderIdentifier="IBFirstResponder" id="HdD-kr-yvG" userLabel="First Responder" sceneMemberID="firstResponder"/>
            </objects>
            <point key="canvasLocation" x="992.79999999999995" y="125.4872563718141"/>
        </scene>
        <!--Nova UC-->
        <scene sceneID="tne-QT-ifu">
            <objects>
                <viewController id="BYZ-38-t0r" customClass="UCViewController" customModule="ExamesISEC" customModuleProvider="target" sceneMemberID="viewController">
                    <view key="view" contentMode="scaleToFill" id="8bC-Xf-vdC">
                        <rect key="frame" x="0.0" y="0.0" width="375" height="667"/>
                        <autoresizingMask key="autoresizingMask" widthSizable="YES" heightSizable="YES"/>
                        <subviews>
                            <stackView opaque="NO" contentMode="scaleToFill" axis="vertical" alignment="top" spacing="8" translatesAutoresizingMaskIntoConstraints="NO" id="Qol-21-ORc">
                                <rect key="frame" x="10" y="84" width="355" height="58.5"/>
                                <subviews>
                                    <label opaque="NO" userInteractionEnabled="NO" contentMode="left" horizontalHuggingPriority="251" verticalHuggingPriority="251" text="Nome da Unidade Curricular" textAlignment="natural" lineBreakMode="tailTruncation" baselineAdjustment="alignBaselines" adjustsFontSizeToFit="NO" translatesAutoresizingMaskIntoConstraints="NO" id="oYn-7f-slR">
                                        <rect key="frame" x="0.0" y="0.0" width="217" height="20.5"/>
                                        <fontDescription key="fontDescription" type="system" pointSize="17"/>
                                        <nil key="textColor"/>
                                        <nil key="highlightedColor"/>
                                    </label>
                                    <textField opaque="NO" contentMode="scaleToFill" contentHorizontalAlignment="left" contentVerticalAlignment="center" borderStyle="roundedRect" placeholder="Nome da UC" textAlignment="natural" minimumFontSize="17" translatesAutoresizingMaskIntoConstraints="NO" id="Nvn-nZ-XCZ">
                                        <rect key="frame" x="0.0" y="28.5" width="355" height="30"/>
                                        <nil key="textColor"/>
                                        <fontDescription key="fontDescription" type="system" pointSize="14"/>
                                        <textInputTraits key="textInputTraits" returnKeyType="done" enablesReturnKeyAutomatically="YES"/>
                                    </textField>
                                </subviews>
                                <constraints>
                                    <constraint firstAttribute="trailing" secondItem="Nvn-nZ-XCZ" secondAttribute="trailing" id="IEQ-Bf-Pnr"/>
                                </constraints>
                            </stackView>
                            <stackView opaque="NO" contentMode="scaleToFill" axis="vertical" alignment="top" spacing="8" translatesAutoresizingMaskIntoConstraints="NO" id="bOU-fB-WuD">
                                <rect key="frame" x="10" y="162.5" width="355" height="58.5"/>
                                <subviews>
                                    <label opaque="NO" userInteractionEnabled="NO" contentMode="left" horizontalHuggingPriority="251" verticalHuggingPriority="251" text="Ano" textAlignment="natural" lineBreakMode="tailTruncation" baselineAdjustment="alignBaselines" adjustsFontSizeToFit="NO" translatesAutoresizingMaskIntoConstraints="NO" id="MSW-uU-SXh">
                                        <rect key="frame" x="0.0" y="0.0" width="30.5" height="20.5"/>
                                        <fontDescription key="fontDescription" type="system" pointSize="17"/>
                                        <nil key="textColor"/>
                                        <nil key="highlightedColor"/>
                                    </label>
                                    <textField opaque="NO" contentMode="scaleToFill" contentHorizontalAlignment="left" contentVerticalAlignment="center" borderStyle="roundedRect" placeholder="Ano" textAlignment="natural" minimumFontSize="17" translatesAutoresizingMaskIntoConstraints="NO" id="zEo-et-SoY">
                                        <rect key="frame" x="0.0" y="28.5" width="355" height="30"/>
                                        <nil key="textColor"/>
                                        <fontDescription key="fontDescription" type="system" pointSize="14"/>
                                        <textInputTraits key="textInputTraits" returnKeyType="done" enablesReturnKeyAutomatically="YES"/>
                                    </textField>
                                </subviews>
                                <constraints>
                                    <constraint firstAttribute="trailing" secondItem="zEo-et-SoY" secondAttribute="trailing" id="yIh-LJ-Ma9"/>
                                </constraints>
                            </stackView>
                            <stackView opaque="NO" contentMode="scaleToFill" axis="vertical" alignment="top" spacing="8" translatesAutoresizingMaskIntoConstraints="NO" id="po3-Tp-Dcd">
                                <rect key="frame" x="10" y="241" width="355" height="58.5"/>
                                <subviews>
                                    <label opaque="NO" userInteractionEnabled="NO" contentMode="left" horizontalHuggingPriority="251" verticalHuggingPriority="251" text="Semestre" textAlignment="natural" lineBreakMode="tailTruncation" baselineAdjustment="alignBaselines" adjustsFontSizeToFit="NO" translatesAutoresizingMaskIntoConstraints="NO" id="GKe-FW-v7G">
                                        <rect key="frame" x="0.0" y="0.0" width="73" height="20.5"/>
                                        <fontDescription key="fontDescription" type="system" pointSize="17"/>
                                        <nil key="textColor"/>
                                        <nil key="highlightedColor"/>
                                    </label>
                                    <textField opaque="NO" contentMode="scaleToFill" contentHorizontalAlignment="left" contentVerticalAlignment="center" borderStyle="roundedRect" placeholder="Semestre" textAlignment="natural" minimumFontSize="17" translatesAutoresizingMaskIntoConstraints="NO" id="dpw-Ri-cCV">
                                        <rect key="frame" x="0.0" y="28.5" width="355" height="30"/>
                                        <nil key="textColor"/>
                                        <fontDescription key="fontDescription" type="system" pointSize="14"/>
                                        <textInputTraits key="textInputTraits" returnKeyType="done" enablesReturnKeyAutomatically="YES"/>
                                    </textField>
                                </subviews>
                                <constraints>
                                    <constraint firstAttribute="trailing" secondItem="dpw-Ri-cCV" secondAttribute="trailing" id="ZRn-2t-jeH"/>
                                </constraints>
                            </stackView>
                            <stackView opaque="NO" contentMode="scaleToFill" axis="vertical" alignment="top" translatesAutoresizingMaskIntoConstraints="NO" id="FwI-di-3FY">
                                <rect key="frame" x="10" y="314.5" width="355" height="120.5"/>
                                <subviews>
                                    <label opaque="NO" userInteractionEnabled="NO" contentMode="left" horizontalHuggingPriority="251" verticalHuggingPriority="251" text="Epoca Normal" textAlignment="natural" lineBreakMode="tailTruncation" baselineAdjustment="alignBaselines" adjustsFontSizeToFit="NO" translatesAutoresizingMaskIntoConstraints="NO" id="JrB-OO-fNW">
                                        <rect key="frame" x="0.0" y="0.0" width="107.5" height="20.5"/>
                                        <fontDescription key="fontDescription" type="system" pointSize="17"/>
                                        <nil key="textColor"/>
                                        <nil key="highlightedColor"/>
                                    </label>
                                    <datePicker contentMode="scaleToFill" contentHorizontalAlignment="center" contentVerticalAlignment="center" datePickerMode="dateAndTime" minuteInterval="1" translatesAutoresizingMaskIntoConstraints="NO" id="vEh-WC-7Ts">
                                        <rect key="frame" x="0.0" y="20.5" width="300" height="100"/>
                                        <constraints>
                                            <constraint firstAttribute="width" constant="300" id="T99-fL-Fur"/>
                                            <constraint firstAttribute="height" constant="100" id="Tjr-6f-bso"/>
                                        </constraints>
                                        <date key="date" timeIntervalSinceReferenceDate="567535429.32611406">
                                            <!--2018-12-26 16:43:49 +0000-->
                                        </date>
                                    </datePicker>
                                </subviews>
                            </stackView>
                            <stackView opaque="NO" contentMode="scaleToFill" axis="vertical" alignment="top" spacing="8" translatesAutoresizingMaskIntoConstraints="NO" id="DT6-TF-wSd">
                                <rect key="frame" x="15" y="450" width="350" height="128.5"/>
                                <subviews>
                                    <label opaque="NO" userInteractionEnabled="NO" contentMode="left" horizontalHuggingPriority="251" verticalHuggingPriority="251" text="Epoca de Recurso" textAlignment="natural" lineBreakMode="tailTruncation" baselineAdjustment="alignBaselines" adjustsFontSizeToFit="NO" translatesAutoresizingMaskIntoConstraints="NO" id="R4r-3g-REn">
                                        <rect key="frame" x="0.0" y="0.0" width="138.5" height="20.5"/>
                                        <fontDescription key="fontDescription" type="system" pointSize="17"/>
                                        <nil key="textColor"/>
                                        <nil key="highlightedColor"/>
                                    </label>
                                    <datePicker contentMode="scaleToFill" contentHorizontalAlignment="center" contentVerticalAlignment="center" datePickerMode="dateAndTime" minuteInterval="1" translatesAutoresizingMaskIntoConstraints="NO" id="5a5-E2-mUx">
                                        <rect key="frame" x="0.0" y="28.5" width="300" height="100"/>
                                        <constraints>
                                            <constraint firstAttribute="width" constant="300" id="1eb-uL-DPh"/>
                                            <constraint firstAttribute="height" constant="100" id="mn0-1I-asR"/>
                                        </constraints>
                                        <date key="date" timeIntervalSinceReferenceDate="567535429.32611406">
                                            <!--2018-12-26 16:43:49 +0000-->
                                        </date>
                                    </datePicker>
                                </subviews>
                            </stackView>
                            <stackView opaque="NO" contentMode="scaleToFill" axis="vertical" alignment="top" translatesAutoresizingMaskIntoConstraints="NO" id="GrC-gk-QJS">
                                <rect key="frame" x="10" y="593.5" width="355" height="120.5"/>
                                <subviews>
                                    <label opaque="NO" userInteractionEnabled="NO" contentMode="left" horizontalHuggingPriority="251" verticalHuggingPriority="251" text="Epoca Especial" textAlignment="natural" lineBreakMode="tailTruncation" baselineAdjustment="alignBaselines" adjustsFontSizeToFit="NO" translatesAutoresizingMaskIntoConstraints="NO" id="SGZ-7I-4Y9">
                                        <rect key="frame" x="0.0" y="0.0" width="115.5" height="20.5"/>
                                        <fontDescription key="fontDescription" type="system" pointSize="17"/>
                                        <nil key="textColor"/>
                                        <nil key="highlightedColor"/>
                                    </label>
                                    <datePicker contentMode="scaleToFill" contentHorizontalAlignment="center" contentVerticalAlignment="center" datePickerMode="dateAndTime" minuteInterval="1" translatesAutoresizingMaskIntoConstraints="NO" id="9iK-eX-Gye">
                                        <rect key="frame" x="0.0" y="20.5" width="300" height="100"/>
                                        <constraints>
                                            <constraint firstAttribute="width" constant="300" id="Hdd-Zh-5mA"/>
                                            <constraint firstAttribute="height" constant="100" id="Keq-N8-BrL"/>
                                        </constraints>
                                        <date key="date" timeIntervalSinceReferenceDate="567535429.32611406">
                                            <!--2018-12-26 16:43:49 +0000-->
                                        </date>
                                    </datePicker>
                                </subviews>
                            </stackView>
                        </subviews>
                        <color key="backgroundColor" red="1" green="1" blue="1" alpha="1" colorSpace="custom" customColorSpace="sRGB"/>
                        <constraints>
                            <constraint firstItem="bOU-fB-WuD" firstAttribute="leading" secondItem="6Tk-OE-BBY" secondAttribute="leading" constant="10" id="6vn-eI-UAn"/>
                            <constraint firstItem="Qol-21-ORc" firstAttribute="leading" secondItem="6Tk-OE-BBY" secondAttribute="leading" constant="10" id="74M-vt-0Zd"/>
                            <constraint firstItem="po3-Tp-Dcd" firstAttribute="leading" secondItem="6Tk-OE-BBY" secondAttribute="leading" constant="10" id="Ejn-9f-zIu"/>
                            <constraint firstItem="DT6-TF-wSd" firstAttribute="top" secondItem="FwI-di-3FY" secondAttribute="bottom" constant="15" id="H3M-c4-Aon"/>
                            <constraint firstItem="FwI-di-3FY" firstAttribute="top" secondItem="po3-Tp-Dcd" secondAttribute="bottom" constant="15" id="J03-NA-Avt"/>
                            <constraint firstItem="6Tk-OE-BBY" firstAttribute="trailing" secondItem="bOU-fB-WuD" secondAttribute="trailing" constant="10" id="JYy-wU-hFy"/>
                            <constraint firstItem="GrC-gk-QJS" firstAttribute="top" secondItem="DT6-TF-wSd" secondAttribute="bottom" constant="15" id="MiG-g2-Kih"/>
                            <constraint firstItem="6Tk-OE-BBY" firstAttribute="trailing" secondItem="FwI-di-3FY" secondAttribute="trailing" constant="10" id="TzO-rn-emy"/>
                            <constraint firstItem="DT6-TF-wSd" firstAttribute="leading" secondItem="6Tk-OE-BBY" secondAttribute="leading" constant="15" id="U5O-yO-kj4"/>
                            <constraint firstItem="6Tk-OE-BBY" firstAttribute="trailing" secondItem="GrC-gk-QJS" secondAttribute="trailing" constant="10" id="XEw-se-Biu"/>
                            <constraint firstItem="6Tk-OE-BBY" firstAttribute="trailing" secondItem="po3-Tp-Dcd" secondAttribute="trailing" constant="10" id="ZDG-Ba-mAi"/>
                            <constraint firstItem="GrC-gk-QJS" firstAttribute="leading" secondItem="6Tk-OE-BBY" secondAttribute="leading" constant="10" id="bxP-XK-DLx"/>
                            <constraint firstItem="FwI-di-3FY" firstAttribute="leading" secondItem="6Tk-OE-BBY" secondAttribute="leading" constant="10" id="fmR-yH-LNB"/>
                            <constraint firstItem="po3-Tp-Dcd" firstAttribute="top" secondItem="bOU-fB-WuD" secondAttribute="bottom" constant="20" id="loj-Wz-CuR"/>
                            <constraint firstItem="6Tk-OE-BBY" firstAttribute="trailing" secondItem="Qol-21-ORc" secondAttribute="trailing" constant="10" id="mN7-Po-WNP"/>
                            <constraint firstItem="6Tk-OE-BBY" firstAttribute="trailing" secondItem="DT6-TF-wSd" secondAttribute="trailing" constant="10" id="pS0-nX-FzD"/>
                            <constraint firstItem="bOU-fB-WuD" firstAttribute="top" secondItem="Qol-21-ORc" secondAttribute="bottom" constant="20" id="qv8-6A-2KQ"/>
                            <constraint firstItem="Qol-21-ORc" firstAttribute="top" secondItem="6Tk-OE-BBY" secondAttribute="top" constant="20" id="ulm-FI-YmS"/>
                        </constraints>
                        <viewLayoutGuide key="safeArea" id="6Tk-OE-BBY"/>
                    </view>
                    <navigationItem key="navigationItem" title="Nova UC" id="hN1-uQ-tn4">
                        <barButtonItem key="leftBarButtonItem" systemItem="cancel" id="qk7-Fa-7By">
                            <connections>
                                <action selector="cancel:" destination="BYZ-38-t0r" id="msB-yK-fd0"/>
                            </connections>
                        </barButtonItem>
                        <barButtonItem key="rightBarButtonItem" systemItem="save" id="DrB-JX-SMs">
                            <connections>
                                <segue destination="UVr-dK-AVj" kind="unwind" unwindAction="unwindToUCListWithSender:" id="z5r-W7-9YP"/>
                            </connections>
                        </barButtonItem>
                    </navigationItem>
                    <connections>
                        <outlet property="anoTextField" destination="zEo-et-SoY" id="DdR-x9-fQ4"/>
                        <outlet property="cancel" destination="qk7-Fa-7By" id="Lgk-fG-SeO"/>
                        <outlet property="especialDatePicker" destination="9iK-eX-Gye" id="Ckc-XV-RhM"/>
                        <outlet property="normalDatePicker" destination="vEh-WC-7Ts" id="dv7-Bu-skH"/>
                        <outlet property="recursoDatePicker" destination="5a5-E2-mUx" id="yNO-Ep-hjl"/>
                        <outlet property="recursoDatePicket" destination="5a5-E2-mUx" id="phF-2g-BN9"/>
                        <outlet property="saveButton" destination="DrB-JX-SMs" id="v6i-EP-V3b"/>
                        <outlet property="semestreTextField" destination="dpw-Ri-cCV" id="Tft-WC-qYq"/>
                        <outlet property="ucTextField" destination="Nvn-nZ-XCZ" id="v8O-GW-kP5"/>
                    </connections>
                </viewController>
                <placeholder placeholderIdentifier="IBFirstResponder" id="dkx-z0-nzr" sceneMemberID="firstResponder"/>
                <exit id="UVr-dK-AVj" userLabel="Exit" sceneMemberID="exit"/>
            </objects>
            <point key="canvasLocation" x="3023.1999999999998" y="124.58770614692655"/>
        </scene>
        <!--Navigation Controller-->
        <scene sceneID="YKb-Nq-Cdj">
            <objects>
                <navigationController automaticallyAdjustsScrollViewInsets="NO" id="yEA-he-cKr" sceneMemberID="viewController">
                    <toolbarItems/>
                    <navigationBar key="navigationBar" contentMode="scaleToFill" insetsLayoutMarginsFromSafeArea="NO" id="2JN-Y2-Stu">
                        <rect key="frame" x="0.0" y="20" width="375" height="44"/>
                        <autoresizingMask key="autoresizingMask"/>
                    </navigationBar>
                    <nil name="viewControllers"/>
                    <connections>
                        <segue destination="cOq-ss-uPg" kind="relationship" relationship="rootViewController" id="mGg-Ss-X73"/>
                    </connections>
                </navigationController>
                <placeholder placeholderIdentifier="IBFirstResponder" id="l2g-HC-qoG" userLabel="First Responder" sceneMemberID="firstResponder"/>
            </objects>
            <point key="canvasLocation" x="53.600000000000001" y="125.4872563718141"/>
        </scene>
        <!--Navigation Controller-->
        <scene sceneID="Ybp-s4-ZnU">
            <objects>
                <navigationController automaticallyAdjustsScrollViewInsets="NO" id="pQm-QH-gt2" sceneMemberID="viewController">
                    <toolbarItems/>
                    <navigationBar key="navigationBar" contentMode="scaleToFill" insetsLayoutMarginsFromSafeArea="NO" id="2vf-5z-Tkl">
                        <rect key="frame" x="0.0" y="20" width="375" height="44"/>
                        <autoresizingMask key="autoresizingMask"/>
                    </navigationBar>
                    <nil name="viewControllers"/>
                    <connections>
                        <segue destination="BYZ-38-t0r" kind="relationship" relationship="rootViewController" id="dMX-Lc-QTA"/>
                    </connections>
                </navigationController>
                <placeholder placeholderIdentifier="IBFirstResponder" id="zJk-P3-dIc" userLabel="First Responder" sceneMemberID="firstResponder"/>
            </objects>
            <point key="canvasLocation" x="2084" y="-311"/>
        </scene>
    </scenes>
    <inferredMetricsTieBreakers>
        <segue reference="4sH-3L-1G7"/>
    </inferredMetricsTieBreakers>
</document>
